{"assets/icons/Bag.png":["assets/icons/Bag.png"],"assets/icons/Buy.png":["assets/icons/Buy.png"],"assets/icons/Cart.png":["assets/icons/Cart.png"],"assets/icons/Credit Card.png":["assets/icons/Credit Card.png"],"assets/icons/Date.png":["assets/icons/Date.png"],"assets/icons/Gender.png":["assets/icons/Gender.png"],"assets/icons/Home.png":["assets/icons/Home.png"],"assets/icons/List.png":["assets/icons/List.png"],"assets/icons/Location.png":["assets/icons/Location.png"],"assets/icons/Message.png":["assets/icons/Message.png"],"assets/icons/Mic.png":["assets/icons/Mic.png"],"assets/icons/Not Found.png":["assets/icons/Not Found.png"],"assets/icons/Notification.png":["assets/icons/Notification.png"],"assets/icons/NotificationHome.png":["assets/icons/NotificationHome.png"],"assets/icons/Offer.png":["assets/icons/Offer.png"],"assets/icons/Password.png":["assets/icons/Password.png"],"assets/icons/Phone.png":["assets/icons/Phone.png"],"assets/icons/Search.png":["assets/icons/Search.png"],"assets/icons/Star Active.png":["assets/icons/Star Active.png"],"assets/icons/Star.png":["assets/icons/Star.png"],"assets/icons/Success Icon.png":["assets/icons/Success Icon.png"],"assets/icons/Transaction.png":["assets/icons/Transaction.png"],"assets/icons/Trash.png":["assets/icons/Trash.png"],"assets/icons/User.png":["assets/icons/User.png"],"assets/icons/love.png":["assets/icons/love.png"],"assets/icons/man-fashion/Tshirt.png":["assets/icons/man-fashion/Tshirt.png"],"assets/icons/man-fashion/man bag.png":["assets/icons/man-fashion/man bag.png"],"assets/icons/man-fashion/man pants.png":["assets/icons/man-fashion/man pants.png"],"assets/icons/man-fashion/man shoes.png":["assets/icons/man-fashion/man shoes.png"],"assets/icons/man-fashion/man underwear.png":["assets/icons/man-fashion/man underwear.png"],"assets/icons/man-fashion/shirt.png":["assets/icons/man-fashion/shirt.png"],"assets/icons/more.png":["assets/icons/more.png"],"assets/icons/woman-fashion/bikini.png":["assets/icons/woman-fashion/bikini.png"],"assets/icons/woman-fashion/dress.png":["assets/icons/woman-fashion/dress.png"],"assets/icons/woman-fashion/skirt.png":["assets/icons/woman-fashion/skirt.png"],"assets/icons/woman-fashion/woman bag.png":["assets/icons/woman-fashion/woman bag.png"],"assets/icons/woman-fashion/woman pants.png":["assets/icons/woman-fashion/woman pants.png"],"assets/icons/woman-fashion/woman shoes.png":["assets/icons/woman-fashion/woman shoes.png"],"assets/icons/woman-fashion/woman tshirt.png":["assets/icons/woman-fashion/woman tshirt.png"],"assets/images/LogoNike.png":["assets/images/LogoNike.png"],"assets/images/RecomendedProductBanner.png":["assets/images/RecomendedProductBanner.png"],"assets/images/fashion1.png":["assets/images/fashion1.png"],"assets/images/fashion2.png":["assets/images/fashion2.png"],"assets/images/fashion3.png":["assets/images/fashion3.png"],"assets/images/logo.png":["assets/images/logo.png"],"assets/images/more.png":["assets/images/more.png"],"assets/images/product1.png":["assets/images/product1.png"],"assets/images/product2.png":["assets/images/product2.png"],"assets/images/product3.png":["assets/images/product3.png"],"assets/images/product4.png":["assets/images/product4.png"],"assets/images/xendit.png":["assets/images/xendit.png"],"packages/awesome_dialog/assets/flare/error.flr":["packages/awesome_dialog/assets/flare/error.flr"],"packages/awesome_dialog/assets/flare/info.flr":["packages/awesome_dialog/assets/flare/info.flr"],"packages/awesome_dialog/assets/flare/info2.flr":["packages/awesome_dialog/assets/flare/info2.flr"],"packages/awesome_dialog/assets/flare/info_without_loop.flr":["packages/awesome_dialog/assets/flare/info_without_loop.flr"],"packages/awesome_dialog/assets/flare/question.flr":["packages/awesome_dialog/assets/flare/question.flr"],"packages/awesome_dialog/assets/flare/succes.flr":["packages/awesome_dialog/assets/flare/succes.flr"],"packages/awesome_dialog/assets/flare/succes_without_loop.flr":["packages/awesome_dialog/assets/flare/succes_without_loop.flr"],"packages/awesome_dialog/assets/flare/warning.flr":["packages/awesome_dialog/assets/flare/warning.flr"],"packages/awesome_dialog/assets/flare/warning_without_loop.flr":["packages/awesome_dialog/assets/flare/warning_without_loop.flr"],"packages/awesome_dialog/assets/rive/error.riv":["packages/awesome_dialog/assets/rive/error.riv"],"packages/awesome_dialog/assets/rive/info.riv":["packages/awesome_dialog/assets/rive/info.riv"],"packages/awesome_dialog/assets/rive/info_reverse.riv":["packages/awesome_dialog/assets/rive/info_reverse.riv"],"packages/awesome_dialog/assets/rive/question.riv":["packages/awesome_dialog/assets/rive/question.riv"],"packages/awesome_dialog/assets/rive/success.riv":["packages/awesome_dialog/assets/rive/success.riv"],"packages/awesome_dialog/assets/rive/warning.riv":["packages/awesome_dialog/assets/rive/warning.riv"],"packages/cupertino_icons/assets/CupertinoIcons.ttf":["packages/cupertino_icons/assets/CupertinoIcons.ttf"]}